username,password_hash
user_v5_1,25303eb586d18aeb8e1fe30facaff8ff8ac83d3e2a48c5a85143acf01bd7657c
user_v5_2,5d5f3983cbe78ac27fdadb69613db9f3cbe0996a6af4be7b9594c08f31a593a4
user_v5_3,78c7a43291fbf606c4a8014706de2074e87daaa832a840e45c08c96f27a49041
user_v5_4,76dbd42c4a59337c4a3eb0a7557b32720165c239f33f7efe1afa61156802433f
user_v5_5,50f95d540d0ff82d54fd604e1d4487f93292837e05520b53d12d1bd1145fbe75
user_v5_6,d2647dc350d084d56408b2c5f377580b1fdcdc1bf2bb3e669a48b9d65dc47d73
user_v5_7,61389d40f7d87adf2dcab20b5a7d7dd9cfdc648c6dbb108719b7c67018c84f4a
user_v5_8,8dd298f6e8bc0a6e5dd1d88b86330527a9340a090e1bf91d071226e4da3855f5
user_v5_9,b437b49886125c50aa46e98adac46594256de94980c06db54c9ac3db99eabac3
user_v5_10,78604e0428b4840b6929a7050998ee0717217c277493da1936f0139aac9af284
